pressurec2,energy_densityc2,baryon_density,cs2c2
9.370883192000000195e-01,1.440786571999999869e+05,1.440786571999999869e+05,1.129742234933471704e-05
1.099052066999999910e+00,1.584150025000000023e+05,1.584150025000000023e+05,1.163613693721905788e-05
1.288338672999999934e+00,1.741776555999999982e+05,1.741776555999999982e+05,1.236180002527984819e-05
1.509324574000000085e+00,1.915095860000000102e+05,1.915095860000000102e+05,1.314744158684950584e-05
1.768168865999999895e+00,2.105644591000000073e+05,2.105644591000000073e+05,1.397260617119628242e-05
2.069866567000000046e+00,2.315160844999999972e+05,2.315160844999999972e+05,1.483766490007584798e-05
2.422780143999999858e+00,2.545534243000000133e+05,2.545534243000000133e+05,1.576367144365171415e-05
2.834450257999999945e+00,2.798832674000000115e+05,2.798832674000000115e+05,1.672025806410348556e-05
3.314414150000000170e+00,3.077320116999999736e+05,3.077320116999999736e+05,1.774903802541268207e-05
3.875221760000000071e+00,3.383527951999999932e+05,3.383527951999999932e+05,1.881750252329393884e-05
4.527372964999999638e+00,3.720201479999999865e+05,3.720201479999999865e+05,1.994417812642293122e-05
5.288997437999999995e+00,4.090371224999999977e+05,4.090371224999999977e+05,2.114020585372240857e-05
6.174695179999999617e+00,4.497370765000000247e+05,4.497370765000000247e+05,2.237096336664925846e-05
7.205822480000000141e+00,4.944890210000000079e+05,4.944890210000000079e+05,2.369510790010221973e-05
8.407087031999999738e+00,5.436922722999999532e+05,5.436922722999999532e+05,2.505677069817601575e-05
9.800879071000000664e+00,5.977924958999999799e+05,5.977924958999999799e+05,2.650002979166002473e-05
1.142534756000000051e+01,6.572745757000000449e+05,6.572745757000000449e+05,2.801506554493106373e-05
1.330828419999999923e+01,7.226768756999999750e+05,7.226768756999999750e+05,2.957548425632145796e-05
1.549712562000000027e+01,7.945858917000000365e+05,7.945858917000000365e+05,3.124896038287070562e-05
1.803822103999999982e+01,8.736505126000000164e+05,8.736505126000000164e+05,3.295195857007200208e-05
2.098050450999999939e+01,9.605838031999999657e+05,9.605838031999999657e+05,3.476901085486224831e-05
2.440089791000000119e+01,1.056166568999999901e+06,1.056166568999999901e+06,3.665064571032260968e-05
2.835270282999999836e+01,1.161259837000000058e+06,1.161259837000000058e+06,3.859617356905810733e-05
3.293877884999999850e+01,1.276811980999999912e+06,1.276811980999999912e+06,4.066845921979525796e-05
3.824255456000000208e+01,1.403860513000000035e+06,1.403860513000000035e+06,4.276108753743933948e-05
4.437188099000000108e+01,1.543553465000000084e+06,1.543553465000000084e+06,4.500593686855280928e-05
5.147507561999999837e+01,1.697145831999999937e+06,1.697145831999999937e+06,4.729674841286285437e-05
5.965713723999999729e+01,1.866019178000000073e+06,1.866019178000000073e+06,4.968165875083820131e-05
6.913341140999999368e+01,2.051701242000000086e+06,2.051701242000000086e+06,5.219610535502000939e-05
8.004989813000000254e+01,2.255851683000000194e+06,2.255851683000000194e+06,5.472707566170690024e-05
9.264422623000000101e+01,2.480324470999999903e+06,2.480324470999999903e+06,5.744757069434465360e-05
1.071868254999999976e+02,2.727134012000000104e+06,2.727134012000000104e+06,6.018216512782508356e-05
1.238946459999999945e+02,2.998508634000000078e+06,2.998508634000000078e+06,6.306118403027062124e-05
1.432010526999999911e+02,3.296890583999999799e+06,3.296890583999999799e+06,6.605338235223404760e-05
1.653575792999999976e+02,3.624953853999999817e+06,3.624953853999999817e+06,6.907378208890676012e-05
1.908820890000000077e+02,3.985657665000000037e+06,3.985657665000000037e+06,7.231225741153163289e-05
2.202371826000000112e+02,4.382264286000000313e+06,4.382264286000000313e+06,7.552870175407067825e-05
2.538974047000000098e+02,4.818321214999999851e+06,4.818321214999999851e+06,7.895847574212872780e-05
2.926863452000000052e+02,5.297785961000000127e+06,5.297785961000000127e+06,8.245518772841221107e-05
3.370568000000000097e+02,5.824972566999999806e+06,5.824972566999999806e+06,8.601751098167060455e-05
3.880961930999999936e+02,6.404605086000000127e+06,6.404605086000000127e+06,8.981664699955120654e-05
4.465710690000000227e+02,7.041906718000000343e+06,7.041906718000000343e+06,9.355738062613367832e-05
5.135207195000000411e+02,7.742653286999999546e+06,7.742653286999999546e+06,9.758741988128777833e-05
5.904425807999999734e+02,8.513119763000000268e+06,8.513119763000000268e+06,1.016291053418604098e-04
6.782048091000000341e+02,9.360258527000000700e+06,9.360258527000000700e+06,1.058015452063327839e-04
7.790089920000000347e+02,1.029169936999999918e+07,1.029169936999999918e+07,1.101957399278401473e-04
8.940851661000000377e+02,1.131583864000000060e+07,1.131583864000000060e+07,1.145227171026266680e-04
1.025716920999999957e+03,1.244189268999999948e+07,1.244189268999999948e+07,1.192123111089287086e-04
1.176467724999999973e+03,1.368000485999999940e+07,1.368000485999999940e+07,1.238395153941738904e-04
1.348166590000000042e+03,1.504131680000000075e+07,1.504131680000000075e+07,1.287036225652767605e-04
1.545049119000000019e+03,1.653811103999999911e+07,1.653811103999999911e+07,1.337385253065378782e-04
1.769135068000000047e+03,1.818386451000000164e+07,1.818386451000000164e+07,1.387369358463799718e-04
2.025317845999999918e+03,1.999344462000000104e+07,1.999344462000000104e+07,1.441450897453995712e-04
2.317745704999999816e+03,2.198307357000000030e+07,2.198307357000000030e+07,1.494275791667307055e-04
2.650515202999999929e+03,2.417057800000000000e+07,2.417057800000000000e+07,1.550775942003698900e-04
3.031345265999999810e+03,2.657592371000000089e+07,2.657592371000000089e+07,1.608039312810529775e-04
3.463836870999999974e+03,2.922068091000000015e+07,2.922068091000000015e+07,1.665860794420429307e-04
3.958026405000000068e+03,3.212855901000000164e+07,3.212855901000000164e+07,1.727894296618200814e-04
4.520456237000000328e+03,3.532576314000000060e+07,3.532576314000000060e+07,1.788092123478621828e-04
5.160271421999999802e+03,3.884135068999999762e+07,3.884135068999999762e+07,1.853399789403687315e-04
5.890895403999999871e+03,4.270669650000000000e+07,4.270669650000000000e+07,1.918458881609618534e-04
6.719458832000000257e+03,4.695674075999999791e+07,4.695674075999999791e+07,1.985440142888735666e-04
7.665677945000000364e+03,5.162963240999999642e+07,5.162963240999999642e+07,2.056142472535626357e-04
8.739803051000000778e+03,5.676779882999999821e+07,5.676779882999999821e+07,2.125133943180877608e-04
9.961906920999999784e+03,6.241723267000000179e+07,6.241723267000000179e+07,2.200342373917596255e-04
1.135407674000000043e+04,6.862909635999999940e+07,6.862909635999999940e+07,2.274053415763671213e-04
1.293194643999999971e+04,7.545900892000000179e+07,7.545900892000000179e+07,2.351679724331892500e-04
1.473223888000000079e+04,8.296882873000000417e+07,8.296882873000000417e+07,2.431994847579646048e-04
1.677190714999999909e+04,9.122594042000000179e+07,9.122594042000000179e+07,2.511442693930342131e-04
1.909320034999999916e+04,1.003048592000000030e+08,1.003048592000000030e+08,2.597637985787442424e-04
2.173118344000000070e+04,1.102875877000000030e+08,1.102875877000000030e+08,2.681326641646699033e-04
2.472106398999999874e+04,1.212637935999999940e+08,1.212637935999999940e+08,2.771226165980854501e-04
2.812826569999999992e+04,1.333324147000000030e+08,1.333324147000000030e+08,2.862250026404578171e-04
3.198345033999999941e+04,1.466023715999999940e+08,1.466023715999999940e+08,2.953878142441858931e-04
3.637147262000000046e+04,1.611931028000000119e+08,1.611931028000000119e+08,3.052293738405925574e-04
4.134741679999999906e+04,1.772359904000000060e+08,1.772359904000000060e+08,3.147788336366024982e-04
4.698936346999999660e+04,1.948752516999999881e+08,1.948752516999999881e+08,3.251448703095792623e-04
5.340855073000000266e+04,2.142706131999999881e+08,2.142706131999999881e+08,3.354210390881371589e-04
6.066683694999999716e+04,2.355983803000000119e+08,2.355983803000000119e+08,3.460341209320730044e-04
6.892769221999999718e+04,2.590457323000000119e+08,2.590457323000000119e+08,3.572283501349849321e-04
7.827793219000000681e+04,2.848301541000000238e+08,2.848301541000000238e+08,3.681235303209455631e-04
8.888530534000000625e+04,3.131798265000000000e+08,3.131798265000000000e+08,3.800266201744092196e-04
1.009323561999999947e+05,3.443514526000000238e+08,3.443514526000000238e+08,3.916732817196990984e-04
1.145522497000000003e+05,3.786249103999999762e+08,3.786249103999999762e+08,4.039245448064979335e-04
1.300458991999999998e+05,4.163121658000000119e+08,4.163121658000000119e+08,4.165824981538756569e-04
1.475575218999999925e+05,4.577501418000000119e+08,4.577501418000000119e+08,4.291040348978857185e-04
1.674347368999999890e+05,5.033131975000000000e+08,5.033131975000000000e+08,4.426783178761721678e-04
1.899658007999999973e+05,5.534113450000000000e+08,5.534113450000000000e+08,4.558364970344798081e-04
2.154453874000000069e+05,6.084973806000000238e+08,6.084973806000000238e+08,4.699603650932781531e-04
2.444047300999999861e+05,6.690668842000000477e+08,6.690668842000000477e+08,4.842308769906024163e-04
2.771023147999999928e+05,7.356671330000000000e+08,7.356671330000000000e+08,4.986070076816690811e-04
3.142315970000000088e+05,8.088971015000000000e+08,8.088971015000000000e+08,5.140064895433826223e-04
3.562382421999999788e+05,8.894181572000000477e+08,8.894181572000000477e+08,5.289018545432602877e-04
4.037675739000000176e+05,9.779540607999999523e+08,9.779540607999999523e+08,5.450681043563716409e-04
4.577127059000000008e+05,1.075307010000000000e+09,1.075307010000000000e+09,5.610898690522048409e-04
5.185941753000000026e+05,1.182350510000000000e+09,1.182350510000000000e+09,5.775869732378602524e-04
5.877204560999999521e+05,1.300052545000000000e+09,1.300052545000000000e+09,5.949228224908637268e-04
6.658010476000000490e+05,1.429473799000000000e+09,1.429473799000000000e+09,6.118157797533007019e-04
7.541979035999999614e+05,1.571780134000000000e+09,1.571780134000000000e+09,6.301819467514294809e-04
8.543567628000000259e+05,1.728256848000000000e+09,1.728256848000000000e+09,6.480886700030562969e-04
9.673810929999999935e+05,1.900317593000000000e+09,1.900317593000000000e+09,6.669547713245708217e-04
1.095647182999999961e+06,2.089493674000000000e+09,2.089493674000000000e+09,6.863481717018960100e-04
1.240336935999999987e+06,2.297530319000000000e+09,2.297530319000000000e+09,7.054767076745367205e-04
1.404211696999999927e+06,2.526263668000000000e+09,2.526263668000000000e+09,7.261543535835305241e-04
1.589549708000000101e+06,2.777797263000000000e+09,2.777797263000000000e+09,7.461219344639367663e-04
1.798723691000000108e+06,3.054359431000000000e+09,3.054359431000000000e+09,7.675504988764480542e-04
2.035889030999999959e+06,3.358463726000000000e+09,3.358463726000000000e+09,7.890726092063809084e-04
2.303127876999999862e+06,3.692855446000000000e+09,3.692855446000000000e+09,8.106816567372066625e-04
2.605859521999999881e+06,4.060547291000000000e+09,4.060547291000000000e+09,8.337643816239991880e-04
2.947595810000000056e+06,4.464855012000000000e+09,4.464855012000000000e+09,8.559826640070295140e-04
3.333399500000000000e+06,4.909433065000000000e+09,4.909433065000000000e+09,8.800122513120095091e-04
3.770151666999999899e+06,5.398274613000000000e+09,5.398274613000000000e+09,9.037115933911187612e-04
4.262005912999999709e+06,5.935818484000000000e+09,5.935818484000000000e+09,9.280207556932104770e-04
4.818998626000000164e+06,6.526895693000000000e+09,6.526895693000000000e+09,9.534446191780832774e-04
5.446638230000000447e+06,7.176854224000000000e+09,7.176854224000000000e+09,9.780838063478166765e-04
6.155424605000000447e+06,7.891541209000000000e+09,7.891541209000000000e+09,1.004783439592107919e-03
6.956338946000000462e+06,8.677427711000000000e+09,8.677427711000000000e+09,1.030637481928050898e-03
7.857920205000000075e+06,9.541590897000000000e+09,9.541590897000000000e+09,1.057719938770170474e-03
8.878084134999999776e+06,1.049183883000000000e+10,1.049183883000000000e+10,1.085443266566402370e-03
1.002588666000000015e+07,1.153672828000000000e+10,1.153672828000000000e+10,1.112611461541784504e-03
1.132211360999999940e+07,1.268572518000000000e+10,1.268572518000000000e+10,1.141814513934064036e-03
1.278375375999999978e+07,1.394918681000000000e+10,1.394918681000000000e+10,1.169799730931812484e-03
1.442877633999999985e+07,1.533852219000000000e+10,1.533852219000000000e+10,1.199608516326697120e-03
1.628762922000000067e+07,1.686626345000000000e+10,1.686626345000000000e+10,1.229334875100774509e-03
1.837621373000000045e+07,1.854627968000000000e+10,1.854627968000000000e+10,1.258993468186212373e-03
2.073414064000000060e+07,2.039365221000000000e+10,2.039365221000000000e+10,1.290486619412157176e-03
2.338709808999999985e+07,2.242499546000000000e+10,2.242499546000000000e+10,1.320506005861876459e-03
2.637252198000000045e+07,2.465884909000000000e+10,2.465884909000000000e+10,1.352764701170658650e-03
2.973943553000000119e+07,2.711517893000000000e+10,2.711517893000000000e+10,1.384194276651431414e-03
3.351832223999999836e+07,2.981626826000000000e+10,2.981626826000000000e+10,1.416145710025324290e-03
3.778084511999999732e+07,3.278671779000000000e+10,3.278671779000000000e+10,1.449322476412921116e-03
4.256640100999999791e+07,3.605308920000000000e+10,3.605308920000000000e+10,1.481106805319487574e-03
4.794932690999999642e+07,3.964479641000000000e+10,3.964479641000000000e+10,1.515229026035625794e-03
5.400627727000000328e+07,4.359481867000000000e+10,4.359481867000000000e+10,1.547799166468489477e-03
6.079786260000000149e+07,4.793827440000000000e+10,4.793827440000000000e+10,1.581669848791314534e-03
6.844708656999999285e+07,5.271456045000000000e+10,5.271456045000000000e+10,1.615844343113706245e-03
7.701705543000000715e+07,5.796699549000000000e+10,5.796699549000000000e+10,1.648829872656607659e-03
8.665002556999999285e+07,6.374299833000000000e+10,6.374299833000000000e+10,1.683999373863426154e-03
9.745990910999999940e+07,7.009480098000000000e+10,7.009480098000000000e+10,1.717002457275161554e-03
1.095691749000000060e+08,7.707962686000000000e+10,7.707962686000000000e+10,1.751786662432146214e-03
1.231783724000000060e+08,8.476093875000000000e+10,8.476093875000000000e+10,1.785933013119070465e-03
1.383957093000000119e+08,9.320772566000000000e+10,9.320772566000000000e+10,1.819354439908268039e-03
1.554777105000000000e+08,1.024968203000000000e+11,1.024968203000000000e+11,1.854261961557762076e-03
1.745912331999999881e+08,1.127118296000000000e+11,1.127118296000000000e+11,1.886738102160855296e-03
1.959787194000000060e+08,1.239452736000000000e+11,1.239452736000000000e+11,1.921167226303510103e-03
2.199466086999999881e+08,1.362989423000000000e+11,1.362989423000000000e+11,1.953814340042158391e-03
2.466936680000000000e+08,1.498840739000000000e+11,1.498840739000000000e+11,1.986377679812571795e-03
2.766584320000000000e+08,1.648242068000000000e+11,1.648242068000000000e+11,2.019456836890733131e-03
3.100869080000000000e+08,1.812539320000000000e+11,1.812539320000000000e+11,2.049952652253883133e-03
3.474283270000000000e+08,1.993212105000000000e+11,1.993212105000000000e+11,2.081986618646707726e-03
3.891283543000000119e+08,2.191907601000000000e+11,2.191907601000000000e+11,2.110627539324729744e-03
4.355363918000000119e+08,2.410426297000000000e+11,2.410426297000000000e+11,2.140847966763290491e-03
4.874332451999999881e+08,2.650729122000000000e+11,2.650729122000000000e+11,2.175014942060030099e-03
5.453572785000000000e+08,2.914990923000000000e+11,2.914990923000000000e+11,2.214153262313937887e-03
6.104173075000000000e+08,3.205618294000000000e+11,3.205618294000000000e+11,2.241934092322065038e-03
6.821854932000000477e+08,3.525213921000000000e+11,3.525213921000000000e+11,2.231333940849700940e-03
7.600628612000000477e+08,3.876701369000000000e+11,3.876701369000000000e+11,2.193091426984633725e-03
8.438782761000000238e+08,4.263253777000000000e+11,4.263253777000000000e+11,1.938392785312129064e-03
9.155288061000000238e+08,4.688329508000000000e+11,4.688329508000000000e+11,1.276838250873493178e-03
9.542018735000000000e+08,5.155761287000000000e+11,5.155761287000000000e+11,8.117707814087838855e-04
9.950444405000000000e+08,5.669738368000000000e+11,5.669738368000000000e+11,7.744103302844169024e-04
1.037553796000000000e+09,6.234895672000000000e+11,6.234895672000000000e+11,7.387748381230009988e-04
1.082549966000000000e+09,6.856349440000000000e+11,6.856349440000000000e+11,7.262656575323799164e-04
1.132343278000000000e+09,7.539661575000000000e+11,7.539661575000000000e+11,7.238779401413624869e-04
1.186334759000000000e+09,8.291035742000000000e+11,8.291035742000000000e+11,7.251794603352268095e-04
1.246849000000000000e+09,9.117228230000000000e+11,9.117228230000000000e+11,7.365852874889420449e-04
1.314178358000000000e+09,1.002569056000000000e+12,1.002569056000000000e+12,7.463264160429067869e-04
1.389301513000000000e+09,1.102462299000000000e+12,1.102462299000000000e+12,7.625040504148608740e-04
1.474318442000000000e+09,1.212301012000000000e+12,1.212301012000000000e+12,7.795967423024354696e-04
1.569218449000000000e+09,1.333079922000000000e+12,1.333079922000000000e+12,7.979356395573829067e-04
1.676971448000000000e+09,1.465886451000000000e+12,1.465886451000000000e+12,8.202696026659147752e-04
1.798188892000000000e+09,1.611918549000000000e+12,1.611918549000000000e+12,8.411792501660590423e-04
1.935222113000000000e+09,1.772493603000000000e+12,1.772493603000000000e+12,8.660704843011789470e-04
2.090598925000000000e+09,1.949055569000000000e+12,1.949055569000000000e+12,8.908523808952063545e-04
2.265888070000000000e+09,2.143223104000000000e+12,2.143223104000000000e+12,9.163083938624994821e-04
2.464672699000000000e+09,2.356696867000000000e+12,2.356696867000000000e+12,9.439619759042240741e-04
2.689573325000000000e+09,2.591455614000000000e+12,2.591455614000000000e+12,9.710019469255858852e-04
2.943923526000000000e+09,2.849602885000000000e+12,2.849602885000000000e+12,9.997756327716628144e-04
3.232215610000000000e+09,3.133438313000000000e+12,3.133438313000000000e+12,1.029929956394913526e-03
3.558567525000000000e+09,3.445564587000000000e+12,3.445564587000000000e+12,1.061965811943836168e-03
3.929236415000000000e+09,3.788780484000000000e+12,3.788780484000000000e+12,1.096873154830812613e-03
4.350212025000000000e+09,4.166187836000000000e+12,4.166187836000000000e+12,1.134478420281001803e-03
4.829712424000000000e+09,4.581191528000000000e+12,4.581191528000000000e+12,1.178698793963032631e-03
5.379289264000000000e+09,5.037535149000000000e+12,5.037535149000000000e+12,1.231321395610671457e-03
6.012098587000000000e+09,5.539354476000000000e+12,5.539354476000000000e+12,1.293266373448811318e-03
6.745289603000000000e+09,6.091159643000000000e+12,6.091159643000000000e+12,1.372478768560447381e-03
7.607313595000000000e+09,6.697959929000000000e+12,6.697959929000000000e+12,1.468528013585344849e-03
8.622379111000000000e+09,7.365228108000000000e+12,7.365228108000000000e+12,2.036537782521072402e-03
1.000000000000000000e+10,7.923495591000000000e+12,8.116144413000000000e+12,2.486818462643702876e-03
1.032828126000000000e+10,8.055264664000000000e+12,8.250950543000000000e+12,2.486030564260467961e-03
1.066733938000000000e+10,8.191952695000000000e+12,8.390783586000000000e+12,2.475548894137781335e-03
1.101752814000000000e+10,8.333707252000000000e+12,8.535794027000000000e+12,2.465685544689654504e-03
1.137921294000000000e+10,8.480685211000000000e+12,8.686141846000000000e+12,2.456394021065442558e-03
1.175277117000000000e+10,8.633044990000000000e+12,8.841988571000000000e+12,2.447727031116380108e-03
1.213859263000000000e+10,8.790942768000000000e+12,9.003493411000000000e+12,2.439787912382004702e-03
1.253707987000000000e+10,8.954528491000000000e+12,9.170809170000000000e+12,2.432741812696930135e-03
1.294864871000000000e+10,9.123939126000000000e+12,9.344075347000000000e+12,2.426772337139073386e-03
1.337372858000000000e+10,9.299299487000000000e+12,9.523418983000000000e+12,2.422040601494537641e-03
1.381276303000000000e+10,9.480720481000000000e+12,9.708952866000000000e+12,2.418676516236567195e-03
1.426621015000000000e+10,9.668302058000000000e+12,9.900778553000000000e+12,2.416776258913289933e-03
1.473454310000000000e+10,9.862132347000000000e+12,1.009898549000000000e+13,2.416390300432207788e-03
1.521825053000000000e+10,1.006229385000000000e+13,1.030365734000000000e+13,2.417485032395800919e-03
1.571783718000000000e+10,1.026887007000000000e+13,1.051487875000000000e+13,2.419988556233006790e-03
1.623382432000000000e+10,1.048194583000000000e+13,1.073273574000000000e+13,2.423760938870336574e-03
1.676675035000000000e+10,1.070162083000000000e+13,1.095732948000000000e+13,2.428599059939227228e-03
1.731717134000000000e+10,1.092801009000000000e+13,1.118877678000000000e+13,2.434260966682861085e-03
1.788566162000000000e+10,1.116125524000000000e+13,1.142722164000000000e+13,2.440428231850057944e-03
1.847281437000000000e+10,1.140153292000000000e+13,1.167284382000000000e+13,2.446810482863771754e-03
1.907924225000000000e+10,1.164904704000000000e+13,1.192585090000000000e+13,2.453096105106027276e-03
1.970557802000000000e+10,1.190404797000000000e+13,1.218649794000000000e+13,2.458920157045853608e-03
2.035247521000000000e+10,1.216683129000000000e+13,1.245508617000000000e+13,2.463975334282981697e-03
2.102060883000000000e+10,1.243773574000000000e+13,1.273196085000000000e+13,2.467966661996264487e-03
2.171067603000000000e+10,1.271715158000000000e+13,1.301751986000000000e+13,2.470637639915351964e-03
2.242339683000000000e+10,1.300551247000000000e+13,1.331220536000000000e+13,2.471820083276882359e-03
2.315951493000000000e+10,1.330329263000000000e+13,1.361650088000000000e+13,2.471386968663846946e-03
2.391979840000000000e+10,1.361100823000000000e+13,1.393093272000000000e+13,2.469269372703237694e-03
2.470504055000000000e+10,1.392920930000000000e+13,1.425606173000000000e+13,2.465497531919452583e-03
2.551606074000000000e+10,1.425846908000000000e+13,1.459247236000000000e+13,2.460183335195612921e-03
2.635370519000000000e+10,1.459937694000000000e+13,1.494076541000000000e+13,2.453519105702350010e-03
2.721884795000000000e+10,1.495252376000000000e+13,1.530154315000000000e+13,2.445791382914437248e-03
2.811239171000000000e+10,1.531848627000000000e+13,1.567539326000000000e+13,2.437349472124688415e-03
2.903526885000000000e+10,1.569781587000000000e+13,1.606287745000000000e+13,2.428584953019548819e-03
2.998844231000000000e+10,1.609102380000000000e+13,1.646451627000000000e+13,2.419959084282535550e-03
3.097290667000000000e+10,1.649855605000000000e+13,1.688076353000000000e+13,2.412002408379140296e-03
3.198968915000000000e+10,1.692077279000000000e+13,1.731198529000000000e+13,2.405304668718692002e-03
3.303985070000000000e+10,1.735791996000000000e+13,1.775843082000000000e+13,2.400507440227087497e-03
3.412448708000000000e+10,1.781010683000000000e+13,1.822020973000000000e+13,2.398271124917954883e-03
3.524473004000000000e+10,1.827728673000000000e+13,1.869727232000000000e+13,2.399297281998492154e-03
3.640174847000000000e+10,1.875922598000000000e+13,1.918937789000000000e+13,2.404341176811982967e-03
3.759674966000000000e+10,1.925548211000000000e+13,1.969607251000000000e+13,2.414186855093720246e-03
3.883098049000000000e+10,1.976538742000000000e+13,2.021667231000000000e+13,2.429689378435277540e-03
4.010572881000000000e+10,2.028801846000000000e+13,2.075023236000000000e+13,2.451759115161702193e-03
4.142232472000000000e+10,2.082219945000000000e+13,2.129555022000000000e+13,2.481342627408015394e-03
4.278214202000000000e+10,2.136649641000000000e+13,2.185116004000000000e+13,2.519500631382387817e-03
4.418659956000000000e+10,2.191920861000000000e+13,2.241532389000000000e+13,2.567376312431100642e-03
4.563716282000000000e+10,2.247840093000000000e+13,2.298606491000000000e+13,2.626195724995603054e-03
4.713534535000000000e+10,2.304192243000000000e+13,2.356118630000000000e+13,2.697337779867725258e-03
4.868271040000000000e+10,2.360743746000000000e+13,2.413830320000000000e+13,2.782320768700205504e-03
5.028087255000000000e+10,2.417247894000000000e+13,2.471489708000000000e+13,2.882778832334041003e-03
5.193149937000000000e+10,2.473451490000000000e+13,2.528838379000000000e+13,3.000506507157830061e-03
5.363631317000000000e+10,2.529100444000000000e+13,2.585617058000000000e+13,3.137477234916618771e-03
5.539709281000000000e+10,2.583947011000000000e+13,2.641573009000000000e+13,3.295807610155622198e-03
5.721567555000000000e+10,2.637757167000000000e+13,2.696467552000000000e+13,3.477766577911653185e-03
5.909395895000000000e+10,2.690316777000000000e+13,2.750082356000000000e+13,3.685720856292468758e-03
6.103390288000000000e+10,2.741438560000000000e+13,2.802226533000000000e+13,3.922099606180035926e-03
6.303753153000000000e+10,2.790966174000000000e+13,2.852740802000000000e+13,4.189232052044460954e-03
6.510693555000000000e+10,2.838780356000000000e+13,2.901503737000000000e+13,4.489224653679404001e-03
6.724427423000000000e+10,2.884800185000000000e+13,2.948433047000000000e+13,4.823917269066033825e-03
6.945177774000000000e+10,2.928983109000000000e+13,2.993485587000000000e+13,5.194512384289626250e-03
7.173174944000000000e+10,2.971326433000000000e+13,3.036658863000000000e+13,5.601361503884932057e-03
7.408656835000000000e+10,3.011863961000000000e+13,3.077987596000000000e+13,6.043685442204317464e-03
7.651869155000000000e+10,3.050664156000000000e+13,3.117541838000000000e+13,6.519107549652297315e-03
7.903065679000000000e+10,3.087827218000000000e+13,3.155423971000000000e+13,7.023366043262641370e-03
8.162508514000000000e+10,3.123481120000000000e+13,3.191764665000000000e+13,7.550020176118219135e-03
8.430468372000000000e+10,3.157778069000000000e+13,3.226719259000000000e+13,8.090192537222233235e-03
8.707224849000000000e+10,3.190891307000000000e+13,3.260464491000000000e+13,8.632476212130348048e-03
8.993066723000000000e+10,3.223012537000000000e+13,3.293195863000000000e+13,9.163022865595166558e-03
9.288292250000000000e+10,3.254350310000000000e+13,3.325125995000000000e+13,9.665839278051639727e-03
9.593209478000000000e+10,3.285129651000000000e+13,3.356484235000000000e+13,1.012343092694894045e-02
9.908136567000000000e+10,3.315592482000000000e+13,3.387517079000000000e+13,1.051774570623353888e-02
1.023340212000000000e+11,3.345999416000000000e+13,3.418489993000000000e+13,1.083139206008626801e-02
1.056934554000000000e+11,3.376632467000000000e+13,3.449690162000000000e+13,1.104888956228304402e-02
1.091631734000000000e+11,3.407799890000000000e+13,3.481431408000000000e+13,1.115793083988309183e-02
1.127467958000000000e+11,3.439842121000000000e+13,3.514060225000000000e+13,1.115063001236574897e-02
1.164480618000000000e+11,3.473139192000000000e+13,3.547963310000000000e+13,1.102425553176664998e-02
1.202708335000000000e+11,3.508120680000000000e+13,3.583577675000000000e+13,1.078167254419492432e-02
1.242190995000000000e+11,3.545276402000000000e+13,3.621401509000000000e+13,1.043139178421374595e-02
1.282969798000000000e+11,3.585168940000000000e+13,3.662006898000000000e+13,9.986752643788964628e-03
1.325087292000000000e+11,3.628449152000000000e+13,3.706055572000000000e+13,9.464899047751980030e-03
1.368587425000000000e+11,3.675871352000000000e+13,3.754314319000000000e+13,8.885606705517565262e-03
1.413515585000000000e+11,3.728309278000000000e+13,3.807671188000000000e+13,8.269485162354768548e-03
1.459918652000000000e+11,3.786775029000000000e+13,3.867154704000000000e+13,7.636550769034654296e-03
1.507845046000000000e+11,3.852433286000000000e+13,3.933948292000000000e+13,7.005337320269452821e-03
1.557344773000000000e+11,3.926610701000000000e+13,4.009399780000000000e+13,6.391817659375900393e-03
1.608469483000000000e+11,4.010801180000000000e+13,4.095026741000000000e+13,5.808759998282499344e-03
1.661272522000000000e+11,4.106659189000000000e+13,4.192509667000000000e+13,5.265626890933735454e-03
1.715808986000000000e+11,4.215979492000000000e+13,4.303671362000000000e+13,4.768741953014684481e-03
1.772135779000000000e+11,4.340654032000000000e+13,4.430433135000000000e+13,4.321671344511504413e-03
1.830311676000000000e+11,4.482607417000000000e+13,4.574749238000000000e+13,3.925669326215517826e-03
1.890397378000000000e+11,4.643702477000000000e+13,4.738510904000000000e+13,3.580233540710265998e-03
1.952455581000000000e+11,4.825621977000000000e+13,4.923426120000000000e+13,3.283612693009513479e-03
2.016551039000000000e+11,5.029724559000000000e+13,5.130873159000000000e+13,3.033365230062502575e-03
2.082750630000000000e+11,5.256879577000000000e+13,5.361732625000000000e+13,2.826742295768197837e-03
2.151123430000000000e+11,5.507308945000000000e+13,5.616226578000000000e+13,2.660999202393084760e-03
2.221740781000000000e+11,5.780437247000000000e+13,5.893766089000000000e+13,2.533740917894650516e-03
2.294676367000000000e+11,6.074774283000000000e+13,6.192831878000000000e+13,2.443101838976924865e-03
2.370006292000000000e+11,6.387863480000000000e+13,6.510922124000000000e+13,2.387892543580062005e-03
2.447809157000000000e+11,6.716301496000000000e+13,6.844572867000000000e+13,2.367800717112194045e-03
2.528166144000000000e+11,7.055834713000000000e+13,7.189456813000000000e+13,2.383496624301838229e-03
2.611161101000000000e+11,7.401559204000000000e+13,7.540587394000000000e+13,2.436811875154243877e-03
2.696880626000000000e+11,7.748165902000000000e+13,7.892568669000000000e+13,2.531009622062400152e-03
2.785414163000000000e+11,8.090237872000000000e+13,8.239897905000000000e+13,2.670971134125524771e-03
2.876854090000000000e+11,8.422573892000000000e+13,8.577294468000000000e+13,2.863549656980184620e-03
2.971295819000000000e+11,8.740473972000000000e+13,8.899989589000000000e+13,3.118024990301751249e-03
3.068837892000000000e+11,9.039982890000000000e+13,9.203973121000000000e+13,3.446610080308738951e-03
3.169582089000000000e+11,9.318059073000000000e+13,9.486164219000000000e+13,3.865120901914442103e-03
3.273633529000000000e+11,9.572657062000000000e+13,9.744494199000000000e+13,4.393837456344397430e-03
3.381100782000000000e+11,9.802720347000000000e+13,9.977898456000000000e+13,5.058487096592018638e-03
3.492095985000000000e+11,1.000810618000000000e+14,1.018623949000000000e+14,5.891353288309112042e-03
3.606734952000000000e+11,1.018945484000000000e+14,1.037017375000000000e+14,6.932386766604235404e-03
3.725137301000000000e+11,1.034803102000000000e+14,1.053099041000000000e+14,8.230451320867568366e-03
3.847426577000000000e+11,1.048554509000000000e+14,1.067042978000000000e+14,9.844578552616866859e-03
3.973730381000000000e+11,1.060398155000000000e+14,1.079050932000000000e+14,1.184443564124974813e-02
4.104180503000000000e+11,1.070545512000000000e+14,1.089337765000000000e+14,1.431018214863425536e-02
4.238913057000000000e+11,1.079208840000000000e+14,1.098119051000000000e+14,1.733116053509969196e-02
4.378068629000000000e+11,1.086592119000000000e+14,1.105601889000000000e+14,2.100261549891533491e-02
4.521792417000000000e+11,1.092884889000000000e+14,1.111978672000000000e+14,2.542014613685069507e-02
4.670234388000000000e+11,1.098258574000000000e+14,1.117423368000000000e+14,3.067163258318692659e-02
4.823549431000000000e+11,1.102864824000000000e+14,1.122089843000000000e+14,3.682582852325532591e-02
4.981897519000000000e+11,1.106835550000000000e+14,1.126111916000000000e+14,4.391768659064890917e-02
5.145443878000000000e+11,1.110284053000000000e+14,1.129604505000000000e+14,5.193443304384872533e-02
5.314359158000000000e+11,1.113306524000000000e+14,1.132665159000000000e+14,6.080077744401386763e-02
5.488819610000000000e+11,1.115984170000000000e+14,1.135376215000000000e+14,7.036674098130091259e-02
5.669007271000000000e+11,1.118385362000000000e+14,1.137806983000000000e+14,8.040455042347414982e-02
5.855110156000000000e+11,1.120567640000000000e+14,1.140015778000000000e+14,9.061158207943605103e-02
6.047322449000000000e+11,1.122579741000000000e+14,1.142051988000000000e+14,1.006235578038871259e-01
6.245844712000000000e+11,1.124463368000000000e+14,1.143957855000000000e+14,1.100381945112521437e-01
6.450884089000000000e+11,1.126254802000000000e+14,1.145770116000000000e+14,1.184433134853733194e-01
6.662654525000000000e+11,1.127986396000000000e+14,1.147521518000000000e+14,1.254498765773057467e-01
6.881376986000000000e+11,1.129687894000000000e+14,1.149242156000000000e+14,1.307241386770810476e-01
7.107279697000000000e+11,1.131387700000000000e+14,1.150960745000000000e+14,1.340125137532180433e-01
7.340598370000000000e+11,1.133114153000000000e+14,1.152705923000000000e+14,1.351646749722373309e-01
7.581576458000000000e+11,1.134896711000000000e+14,1.154507441000000000e+14,1.341449641798214409e-01
7.830465404000000000e+11,1.136767328000000000e+14,1.156397549000000000e+14,1.310324714069836527e-01
8.087524909000000000e+11,1.138761903000000000e+14,1.158412461000000000e+14,1.260161442874498383e-01
8.353023195000000000e+11,1.140921910000000000e+14,1.160593995000000000e+14,1.193750339854077469e-01
8.627237292000000000e+11,1.143296407000000000e+14,1.162991595000000000e+14,1.114556600210596937e-01
8.910453325000000000e+11,1.145944156000000000e+14,1.165664459000000000e+14,1.026464618969034903e-01
9.202966809000000000e+11,1.148936110000000000e+14,1.168684041000000000e+14,9.334210495288823572e-02
9.505082962000000000e+11,1.152358311000000000e+14,1.172136957000000000e+14,8.391386317551559337e-02
9.817117023000000000e+11,1.156314895000000000e+14,1.176128000000000000e+14,7.468849678405764525e-02
1.013939458000000000e+12,1.160930966000000000e+14,1.180783012000000000e+14,6.592963248970028223e-02
1.047225190000000000e+12,1.166355438000000000e+14,1.186251719000000000e+14,5.782814502219217612e-02
1.081603630000000000e+12,1.172762905000000000e+14,1.192709590000000000e+14,5.050504024823819493e-02
1.117110651000000000e+12,1.180353973000000000e+14,1.200358132000000000e+14,4.401790547953832872e-02
1.153783300000000000e+12,1.189353491000000000e+14,1.209423066000000000e+14,3.837237993031271388e-02
1.191659843000000000e+12,1.200005315000000000e+14,1.220149031000000000e+14,3.353632062798807267e-02
1.230779803000000000e+12,1.212563071000000000e+14,1.232790241000000000e+14,2.945248188684306337e-02
1.271183997000000000e+12,1.227276253000000000e+14,1.247596492000000000e+14,2.605042369690326737e-02
1.312914585000000000e+12,1.244371064000000000e+14,1.264793881000000000e+14,2.325562704594932167e-02
1.356015111000000000e+12,1.264027599000000000e+14,1.284561891000000000e+14,2.099553855532764260e-02
1.400530545000000000e+12,1.286354834000000000e+14,1.307008297000000000e+14,1.920437647814741272e-02
1.446507339000000000e+12,1.311365484000000000e+14,1.332143992000000000e+14,1.782563152399176468e-02
1.493993464000000000e+12,1.338956227000000000e+14,1.359863237000000000e+14,1.681322874342564000e-02
1.543038469000000000e+12,1.368895081000000000e+14,1.389931139000000000e+14,1.613264398582900730e-02
1.593693530000000000e+12,1.400819784000000000e+14,1.421982196000000000e+14,1.576072960634140874e-02
1.646011502000000000e+12,1.434251080000000000e+14,1.455533825000000000e+14,1.568546855841027390e-02
1.700046975000000000e+12,1.468619220000000000e+14,1.490013133000000000e+14,1.590668472526066829e-02
1.755856331000000000e+12,1.503299584000000000e+14,1.524792798000000000e+14,1.643659447185712857e-02
1.813497804000000000e+12,1.537656037000000000e+14,1.559234651000000000e+14,1.730020789811453907e-02
1.873031539000000000e+12,1.571085374000000000e+14,1.592734260000000000e+14,1.853667751243533168e-02
1.934519654000000000e+12,1.603055879000000000e+14,1.624759524000000000e+14,2.020084152006776032e-02
1.998026309000000000e+12,1.633137122000000000e+14,1.654880420000000000e+14,2.236486189569092051e-02
2.063617768000000000e+12,1.661017165000000000e+14,1.682786065000000000e+14,2.511998272005057375e-02
2.131362472000000000e+12,1.686507109000000000e+14,1.708289089000000000e+14,2.857782148195640859e-02
2.201331107000000000e+12,1.709534244000000000e+14,1.731318578000000000e+14,3.287094288295185074e-02
2.273596682000000000e+12,1.730126396000000000e+14,1.751904245000000000e+14,3.815187083923759354e-02
2.348234601000000000e+12,1.748391191000000000e+14,1.770155541000000000e+14,4.458880269735799456e-02
2.425322742000000000e+12,1.764494030000000000e+14,1.786239520000000000e+14,5.235781068055682386e-02
2.504941542000000000e+12,1.778636615000000000e+14,1.800359308000000000e+14,6.163067486753844026e-02
2.587174079000000000e+12,1.791038289000000000e+14,1.812735404000000000e+14,7.255864231298382594e-02
2.672106155000000000e+12,1.801920880000000000e+14,1.823590534000000000e+14,8.524956290530144587e-02
2.759826392000000000e+12,1.811498272000000000e+14,1.833139236000000000e+14,9.974164785613379158e-02
2.850426321000000000e+12,1.819969441000000000e+14,1.841580924000000000e+14,1.159806024727625118e-01
2.944000475000000000e+12,1.827514347000000000e+14,1.849095823000000000e+14,1.337991076289172243e-01
3.040646493000000000e+12,1.834292627000000000e+14,1.855843684000000000e+14,1.529059803928293215e-01
3.140465219000000000e+12,1.840443837000000000e+14,1.861964061000000000e+14,1.728894247990077904e-01
3.243560807000000000e+12,1.846088875000000000e+14,1.867577758000000000e+14,1.932367185891021855e-01
3.350040830000000000e+12,1.851331931000000000e+14,1.872788795000000000e+14,2.133683391710617661e-01
3.460016392000000000e+12,1.856262758000000000e+14,1.877686696000000000e+14,2.326778839336541838e-01
3.573602246000000000e+12,1.860959095000000000e+14,1.882348916000000000e+14,2.505729155120088314e-01
3.690916911000000000e+12,1.865489028000000000e+14,1.886843204000000000e+14,2.665149753817822598e-01
3.812082796000000000e+12,1.869913123000000000e+14,1.891229735000000000e+14,2.800533163506891965e-01
3.937226330000000000e+12,1.874286349000000000e+14,1.895563032000000000e+14,2.908411060499590528e-01
4.066478092000000000e+12,1.878659992000000000e+14,1.899893863000000000e+14,2.986424606285467687e-01
4.199972947000000000e+12,1.883083338000000000e+14,1.904270914000000000e+14,3.033365846777792418e-01
4.337850188000000000e+12,1.887605217000000000e+14,1.908742314000000000e+14,3.049110942149353409e-01
4.480253680000000000e+12,1.892275550000000000e+14,1.913357161000000000e+14,3.034556313634624858e-01
4.627332012000000000e+12,1.897146695000000000e+14,1.918166840000000000e+14,2.991499475664563534e-01
4.779238650000000000e+12,1.902274954000000000e+14,1.923226495000000000e+14,2.922500977031464720e-01
4.936132098000000000e+12,1.907721906000000000e+14,1.928596329000000000e+14,2.830815353646942700e-01
5.098176064000000000e+12,1.913555608000000000e+14,1.934342754000000000e+14,2.720205207345689491e-01
5.265539630000000000e+12,1.919851901000000000e+14,1.940539655000000000e+14,2.594776714349689151e-01
5.438397428000000000e+12,1.926695260000000000e+14,1.947269183000000000e+14,2.458831023718315856e-01
5.616929824000000000e+12,1.934179454000000000e+14,1.954622366000000000e+14,2.316640330924379931e-01
5.801323104000000000e+12,1.942407698000000000e+14,1.962699213000000000e+14,2.172248991945215923e-01
5.991769669000000000e+12,1.951492307000000000e+14,1.971608325000000000e+14,2.029310433983512185e-01
6.188468239000000000e+12,1.961553365000000000e+14,1.981465544000000000e+14,1.890994033400865970e-01
6.391624053000000000e+12,1.972716234000000000e+14,1.992391463000000000e+14,1.759889383895998360e-01
6.601449093000000000e+12,1.985108129000000000e+14,2.004508047000000000e+14,1.637962273735492635e-01
6.818162295000000000e+12,1.998853359000000000e+14,2.017933956000000000e+14,1.526608381642668433e-01
7.041989785000000000e+12,2.014067004000000000e+14,2.032778371000000000e+14,1.426708502680822110e-01
7.273165113000000000e+12,2.030848001000000000e+14,2.049134276000000000e+14,1.338694183269670546e-01
7.511929493000000000e+12,2.049271487000000000e+14,2.067071064000000000e+14,1.262671392849609164e-01
7.758532061000000000e+12,2.069380690000000000e+14,2.086626740000000000e+14,1.198519131063804782e-01
8.013230128000000000e+12,2.091179842000000000e+14,2.107801176000000000e+14,1.145977569575196697e-01
8.276289456000000000e+12,2.114628030000000000e+14,2.130550318000000000e+14,1.104715659944252859e-01
8.547984529000000000e+12,2.139636443000000000e+14,2.154783738000000000e+14,1.074394240483100560e-01
8.828598841000000000e+12,2.166067350000000000e+14,2.180363872000000000e+14,1.054743108177765148e-01
9.118425196000000000e+12,2.193736511000000000e+14,2.207108608000000000e+14,1.045566946941031555e-01
9.417766007000000000e+12,2.222420174000000000e+14,2.234798281000000000e+14,1.046780804150874572e-01
9.726933615000000000e+12,2.251863233000000000e+14,2.263183768000000000e+14,1.058438574518837938e-01
1.004625062000000000e+13,2.281790900000000000e+14,2.291997910000000000e+14,1.080704378056582121e-01
1.037605020000000000e+13,2.311922249000000000e+14,2.320968664000000000e+14,1.113877001097906549e-01
1.071667648000000000e+13,2.341981887000000000e+14,2.349830380000000000e+14,1.158386008470037726e-01
1.106848489000000000e+13,2.371712320000000000e+14,2.378335663000000000e+14,1.214738279023863388e-01
1.143184250000000000e+13,2.400884566000000000e+14,2.406265466000000000e+14,1.283510737540597690e-01
1.180712847000000000e+13,2.429304900000000000e+14,2.433435417000000000e+14,1.365317185555096069e-01
1.219473437000000000e+13,2.456819624000000000e+14,2.459700200000000000e+14,1.460745779106703002e-01
1.259506464000000000e+13,2.483316722000000000e+14,2.484954928000000000e+14,1.570289706279295594e-01
1.300853701000000000e+13,2.508725341000000000e+14,2.509134436000000000e+14,1.694284639162284001e-01
1.343558290000000000e+13,2.533012487000000000e+14,2.532209902000000000e+14,1.832835490046401672e-01
1.387664791000000000e+13,2.556178744000000000e+14,2.554184579000000000e+14,1.985721712071606415e-01
1.433219226000000000e+13,2.578253154000000000e+14,2.575088736000000000e+14,2.152350781112976064e-01
1.480269127000000000e+13,2.599287190000000000e+14,2.594973790000000000e+14,2.331718267596609717e-01
1.528863588000000000e+13,2.619349254000000000e+14,2.613906959000000000e+14,2.522351690073732500e-01
1.579053314000000000e+13,2.638519926000000000e+14,2.631966673000000000e+14,2.722342830635420263e-01
1.630890676000000000e+13,2.656887200000000000e+14,2.649237998000000000e+14,2.929413242559800734e-01
1.684429760000000000e+13,2.674542836000000000e+14,2.665809145000000000e+14,3.140955565528350535e-01
1.739726432000000000e+13,2.691579740000000000e+14,2.681768981000000000e+14,3.354174377947332086e-01
1.796838391000000000e+13,2.708089462000000000e+14,2.697204651000000000e+14,3.566220430821445131e-01
1.855825228000000000e+13,2.724160816000000000e+14,2.712200294000000000e+14,3.774293051179169467e-01
1.916748492000000000e+13,2.739878927000000000e+14,2.726836146000000000e+14,3.975743281364115256e-01
1.979671753000000000e+13,2.755324888000000000e+14,2.741188239000000000e+14,4.168204992186130831e-01
2.044660667000000000e+13,2.770575323000000000e+14,2.755327998000000000e+14,4.349666163333819613e-01
2.111783044000000000e+13,2.785702606000000000e+14,2.769322468000000000e+14,4.518445504347590735e-01
2.181108924000000000e+13,2.800775335000000000e+14,2.783234764000000000e+14,4.673236321896222512e-01
2.252710643000000000e+13,2.815858591000000000e+14,2.797124323000000000e+14,4.813105739889133039e-01
2.326662911000000000e+13,2.831014515000000000e+14,2.811047443000000000e+14,4.937410476687635330e-01
2.403042894000000000e+13,2.846303053000000000e+14,2.825057979000000000e+14,5.045766873828316790e-01
2.481930289000000000e+13,2.861782527000000000e+14,2.839207862000000000e+14,5.138001523518025415e-01
2.563407409000000000e+13,2.877510441000000000e+14,2.853547832000000000e+14,5.214074614487704817e-01
2.647559271000000000e+13,2.893544287000000000e+14,2.868128165000000000e+14,5.274061418680053848e-01
2.734473680000000000e+13,2.909942252000000000e+14,2.882999288000000000e+14,5.318081891098089820e-01
2.824241326000000000e+13,2.926764308000000000e+14,2.898212748000000000e+14,5.346240602508107731e-01
2.916955876000000000e+13,2.944073223000000000e+14,2.913822081000000000e+14,5.358632861856700291e-01
3.012714071000000000e+13,2.961935649000000000e+14,2.929883744000000000e+14,5.355325574945356548e-01
3.111615828000000000e+13,2.980423396000000000e+14,2.946458195000000000e+14,5.336318045118199072e-01
3.213764344000000000e+13,2.999615057000000000e+14,2.963611262000000000e+14,5.301541464635166623e-01
3.319266205000000000e+13,3.019597718000000000e+14,2.981415580000000000e+14,5.250906923333911180e-01
3.428231494000000000e+13,3.040468837000000000e+14,2.999952123000000000e+14,5.184289676259249413e-01
3.540773909000000000e+13,3.062338872000000000e+14,3.019312394000000000e+14,5.101520387404847590e-01
3.657010881000000000e+13,3.085334284000000000e+14,3.039600885000000000e+14,5.002470976277906267e-01
3.777063695000000000e+13,3.109600809000000000e+14,3.060937726000000000e+14,4.887107260114714746e-01
3.901057617000000000e+13,3.135307641000000000e+14,3.083462081000000000e+14,4.755520591801493113e-01
4.029122028000000000e+13,3.162652355000000000e+14,3.107336108000000000e+14,4.607983696473996194e-01
4.161390553000000000e+13,3.191866947000000000e+14,3.132749803000000000e+14,4.445024570922997409e-01
4.298001206000000000e+13,3.223224704000000000e+14,3.159926464000000000e+14,4.267511985172628974e-01
4.439096531000000000e+13,3.257048296000000000e+14,3.189129072000000000e+14,4.076695786684429446e-01
4.584823751000000000e+13,3.293719346000000000e+14,3.220667803000000000e+14,3.874218513649653195e-01
4.735334923000000000e+13,3.333689760000000000e+14,3.254908870000000000e+14,3.662146586677508808e-01
4.890787094000000000e+13,3.377493791000000000e+14,3.292283785000000000e+14,3.442962533795477231e-01
5.051342469000000000e+13,3.425761835000000000e+14,3.333299872000000000e+14,3.219471648239385919e-01
5.217168576000000000e+13,3.479235312000000000e+14,3.378551442000000000e+14,2.994707008479337018e-01
5.388438443000000000e+13,3.538781730000000000e+14,3.428730876000000000e+14,2.771835299034601796e-01
5.565330778000000000e+13,3.605407423000000000e+14,3.484637479000000000e+14,2.553993706001773667e-01
5.748030158000000000e+13,3.680269428000000000e+14,3.547185432000000000e+14,2.344075414696686899e-01
5.936727216000000000e+13,3.764683767000000000e+14,3.617408577000000000e+14,2.144641500293187064e-01
6.131618845000000000e+13,3.860122162000000000e+14,3.696455555000000000e+14,1.957825867225103933e-01
6.332908400000000000e+13,3.968201348000000000e+14,3.785579007000000000e+14,1.785230823506449016e-01
6.540805915000000000e+13,4.090654765000000000e+14,3.886110643000000000e+14,1.627927862900489520e-01
6.755528315000000000e+13,4.229287316000000000e+14,3.999423133000000000e+14,1.486479342207002730e-01
6.977299650000000000e+13,4.385904818000000000e+14,4.126872383000000000e+14,1.361004824015297765e-01
7.206351321000000000e+13,4.562222481000000000e+14,4.269724209000000000e+14,1.251259282657690430e-01
7.442922330000000000e+13,4.759746689000000000e+14,4.429061154000000000e+14,1.156737251677282807e-01
7.687259522000000000e+13,4.979641203000000000e+14,4.605678816000000000e+14,1.076753881256674039e-01
7.939617845000000000e+13,5.222586589000000000e+14,4.799978881000000000e+14,1.010566128243605977e-01
8.200260620000000000e+13,5.488627785000000000e+14,5.011854751000000000e+14,9.574537575984329307e-02
8.469459808000000000e+13,5.777057642000000000e+14,5.240607777000000000e+14,9.167521705033572499e-02
8.747496302000000000e+13,6.086337645000000000e+14,5.484894165000000000e+14,8.879254211226644822e-02
9.034660212000000000e+13,6.414071236000000000e+14,5.742713932000000000e+14,8.706197747130578479e-02
9.331251175000000000e+13,6.757042886000000000e+14,6.011451171000000000e+14,8.646974903778895105e-02
9.637578664000000000e+13,7.111332515000000000e+14,6.287972017000000000e+14,8.702393796555937810e-02
9.953962310000000000e+13,7.472516098000000000e+14,6.568787501000000000e+14,8.875718475911449634e-02
1.028073224000000000e+14,7.835896306000000000e+14,6.850236445000000000e+14,9.172977165981799352e-02
1.061822941000000000e+14,8.196770847000000000e+14,7.128694053000000000e+14,9.602801340717340151e-02
1.096680598000000000e+14,8.550706642000000000e+14,7.400781264000000000e+14,1.017647709481920709e-01
1.132682567000000000e+14,8.893768817000000000e+14,7.663535901000000000e+14,1.090758594380020208e-01
1.169866413000000000e+14,9.222716748000000000e+14,7.914555873000000000e+14,1.181146704666382052e-01
1.208270935000000000e+14,9.535113121000000000e+14,8.152073943000000000e+14,1.290455652746931303e-01
1.247936205000000000e+14,9.829363745000000000e+14,8.374978951000000000e+14,1.420299654603883743e-01
1.288903612000000000e+14,1.010469323000000000e+15,8.582788405000000000e+14,1.572094991323681190e-01
1.331215903000000000e+14,1.036106094000000000e+15,8.775576704000000000e+14,1.746833148782860334e-01
1.374917226000000000e+14,1.059904638000000000e+15,8.953881681000000000e+14,1.944859303713106224e-01
1.420053182000000000e+14,1.081970480000000000e+15,9.118590497000000000e+14,2.165642113968920257e-01
1.466670866000000000e+14,1.102442900000000000e+15,9.270831987000000000e+14,2.407534544519591146e-01
1.514818922000000000e+14,1.121482460000000000e+15,9.411880844000000000e+14,2.667666819233335262e-01
1.564547589000000000e+14,1.139259915000000000e+15,9.543073526000000000e+14,2.941988535778417013e-01
1.615908754000000000e+14,1.155947444000000000e+15,9.665742734000000000e+14,3.225433718419764562e-01
1.668956010000000000e+14,1.171712379000000000e+15,9.781171253000000000e+14,3.512223907937784273e-01
1.723744708000000000e+14,1.186713051000000000e+15,9.890562096000000000e+14,3.796281905865383499e-01
1.780332016000000000e+14,1.201096387000000000e+15,9.995021939000000000e+14,4.071720046455327147e-01
1.838776980000000000e+14,1.214996646000000000e+15,1.009555311000000000e+15,4.333244396700083878e-01
1.899140582000000000e+14,1.228535492000000000e+15,1.019305538000000000e+15,4.576439792586937116e-01
1.961485809000000000e+14,1.241822656000000000e+15,1.028833207000000000e+15,4.798022829071620921e-01
2.025877712000000000e+14,1.254956662000000000e+15,1.038209639000000000e+15,4.995901454959530419e-01
2.092383480000000000e+14,1.268026072000000000e+15,1.047498156000000000e+15,5.169073937116702711e-01
2.161072509000000000e+14,1.281110736000000000e+15,1.056755063000000000e+15,5.317587666399525848e-01
2.232016469000000000e+14,1.294282545000000000e+15,1.066030277000000000e+15,5.442410836292401743e-01
2.305289387000000000e+14,1.307606283000000000e+15,1.075368009000000000e+15,5.545244122303001344e-01
2.380967717000000000e+14,1.321140126000000000e+15,1.084807185000000000e+15,5.628385139852186692e-01
2.459130425000000000e+14,1.334935912000000000e+15,1.094381718000000000e+15,5.694564511702862042e-01
2.539859069000000000e+14,1.349039256000000000e+15,1.104120651000000000e+15,5.746874259435257315e-01
2.623237882000000000e+14,1.363489080000000000e+15,1.114047915000000000e+15,5.788740920229116238e-01
2.709353866000000000e+14,1.378316887000000000e+15,1.124181916000000000e+15,5.823749790774908064e-01
2.798296876000000000e+14,1.393546339000000000e+15,1.134535345000000000e+15,5.855536226822696255e-01
2.890159718000000000e+14,1.409192436000000000e+15,1.145114735000000000e+15,5.887785410304904321e-01
2.985038245000000000e+14,1.425260684000000000e+15,1.155920019000000000e+15,5.924098254814664788e-01
3.083031457000000000e+14,1.441746814000000000e+15,1.166944485000000000e+15,5.967855092083106383e-01
3.184241602000000000e+14,1.458636802000000000e+15,1.178174940000000000e+15,6.022144953192172245e-01
3.288774286000000000e+14,1.475907378000000000e+15,1.189592191000000000e+15,6.089643722913000712e-01
3.396738582000000000e+14,1.493527327000000000e+15,1.201172056000000000e+15,6.172483379830864259e-01
3.508247144000000000e+14,1.511459431000000000e+15,1.212886754000000000e+15,6.272181348161244285e-01
3.623416323000000000e+14,1.529662814000000000e+15,1.224706538000000000e+15,6.389524822830390249e-01
3.742366291000000000e+14,1.548095980000000000e+15,1.236601715000000000e+15,6.524462937604253998e-01
3.865221163000000000e+14,1.566719880000000000e+15,1.248544643000000000e+15,6.676090302072494875e-01
3.992109130000000000e+14,1.585500774000000000e+15,1.260511510000000000e+15,6.842646377008566594e-01
4.123162591000000000e+14,1.604412709000000000e+15,1.272483837000000000e+15,7.021556433252407192e-01
4.258518292000000000e+14,1.623439373000000000e+15,1.284449512000000000e+15,7.209552058072261627e-01
4.398317467000000000e+14,1.642575131000000000e+15,1.296403288000000000e+15,7.402849343427525541e-01
4.542705986000000000e+14,1.661825320000000000e+15,1.308346786000000000e+15,7.597384799401800670e-01
4.691834511000000000e+14,1.681205760000000000e+15,1.320288006000000000e+15,7.789099701960079392e-01
4.845858645000000000e+14,1.700741656000000000e+15,1.332240479000000000e+15,7.974211585037742633e-01
5.004939103000000000e+14,1.720466126000000000e+15,1.344222200000000000e+15,8.149421221043223751e-01
5.169241874000000000e+14,1.740418653000000000e+15,1.356254556000000000e+15,8.312064438118420551e-01
5.338938397000000000e+14,1.760643493000000000e+15,1.368361254000000000e+15,8.460212394892738796e-01
5.514205739000000000e+14,1.781188187000000000e+15,1.380567340000000000e+15,8.592646201482834201e-01
5.695226780000000000e+14,1.802102482000000000e+15,1.392898507000000000e+15,8.708761724020241957e-01
5.882190402000000000e+14,1.823437510000000000e+15,1.405380554000000000e+15,8.808480005714808270e-01
6.075291689000000000e+14,1.845245187000000000e+15,1.418039015000000000e+15,8.892088634495829425e-01
6.274732130000000000e+14,1.867578098000000000e+15,1.430899067000000000e+15,8.960063151034007856e-01
6.480719826000000000e+14,1.890489655000000000e+15,1.443985602000000000e+15,9.012947740538481689e-01
6.693469713000000000e+14,1.914034468000000000e+15,1.457323417000000000e+15,9.051231270126065542e-01
6.913203780000000000e+14,1.938269074000000000e+15,1.470937595000000000e+15,9.075228188426944786e-01
7.140151304000000000e+14,1.963252955000000000e+15,1.484854035000000000e+15,9.084981074347675545e-01
7.374549090000000000e+14,1.989049949000000000e+15,1.499100165000000000e+15,9.080194399066116029e-01
7.616641717000000000e+14,2.015729946000000000e+15,1.513705792000000000e+15,9.060175829260508351e-01
7.866681790000000000e+14,2.043371150000000000e+15,1.528704206000000000e+15,9.023739401683823491e-01
8.124930211000000000e+14,2.072063132000000000e+15,1.544133661000000000e+15,8.969149576563565374e-01
8.391656443000000000e+14,2.101910599000000000e+15,1.560039163000000000e+15,8.894079720927776656e-01
8.667138797000000000e+14,2.133038417000000000e+15,1.576474828000000000e+15,8.795558637360381127e-01
8.951664721000000000e+14,2.165598184000000000e+15,1.593506929000000000e+15,8.669976699709189827e-01
9.245531098000000000e+14,2.199776764000000000e+15,1.611217797000000000e+15,8.513159684702595875e-01
9.549044558000000000e+14,2.235807427000000000e+15,1.629710857000000000e+15,8.320547090899350628e-01
9.862521795000000000e+14,2.273984251000000000e+15,1.649117045000000000e+15,8.087541176235195639e-01
1.018628990000000000e+15,2.314680466000000000e+15,1.669602868000000000e+15,7.810058427727133434e-01
1.052068671000000000e+15,2.358371526000000000e+15,1.691380378000000000e+15,7.485250000051588692e-01
1.086606114000000000e+15,2.405663974000000000e+15,1.714719460000000000e+15,7.112392786969023994e-01
1.122277356000000000e+15,2.457329885000000000e+15,1.739962166000000000e+15,6.693802823152275039e-01
1.159119619000000000e+15,2.514347130000000000e+15,1.767539085000000000e+15,6.235481748719085004e-01
1.197171343000000000e+15,2.577943998000000000e+15,1.797986895000000000e+15,5.747232634721002320e-01
1.236472235000000000e+15,2.649646408000000000e+15,1.831966203000000000e+15,5.242066649899826958e-01
1.277063301000000000e+15,2.731322330000000000e+15,1.870277145000000000e+15,4.734915488323661603e-01
1.318986896000000000e+15,2.825217783000000000e+15,1.913870303000000000e+15,4.240873853021657203e-01
1.362286764000000000e+15,2.933974135000000000e+15,1.963848602000000000e+15,3.773433402602069942e-01
1.407008086000000000e+15,3.060616582000000000e+15,2.021456227000000000e+15,3.343089700047343071e-01
1.453197524000000000e+15,3.208503217000000000e+15,2.088050709000000000e+15,2.956652193325823297e-01
1.500903276000000000e+15,3.381223759000000000e+15,2.165054444000000000e+15,2.617305190628030909e-01
1.550175117000000000e+15,3.582438712000000000e+15,2.253882803000000000e+15,2.325173250909591538e-01
1.601064461000000000e+15,3.815664728000000000e+15,2.355852671000000000e+15,2.078121041126234081e-01
1.653624407000000000e+15,4.084015895000000000e+15,2.472076466000000000e+15,1.872638836424200259e-01
1.707909797000000000e+15,4.389914404000000000e+15,2.603347813000000000e+15,1.704577897700566558e-01
1.763977275000000000e+15,4.734816854000000000e+15,2.750038462000000000e+15,1.569693154210763386e-01
1.821885343000000000e+15,5.118970484000000000e+15,2.912011333000000000e+15,1.464023662376983115e-01
1.881694425000000000e+15,5.541255485000000000e+15,3.088571901000000000e+15,1.384045605420618497e-01
1.943466927000000000e+15,5.999152082000000000e+15,3.278471836000000000e+15,1.326775866276852511e-01
2.007267304000000000e+15,6.488810200000000000e+15,3.479953228000000000e+15,1.289799888293869656e-01
2.073162127000000000e+15,7.005258766000000000e+15,3.690846926000000000e+15,1.271219965430425702e-01
2.141220155000000000e+15,7.542703326000000000e+15,3.908702128000000000e+15,1.269593899539516457e-01
2.211512400000000000e+15,8.094902461000000000e+15,4.130942576000000000e+15,1.283839382762230752e-01
2.284112207000000000e+15,8.655564355000000000e+15,4.355025315000000000e+15,1.313154222424906259e-01
2.359095331000000000e+15,9.218714289000000000e+15,4.578582836000000000e+15,1.356910107286574130e-01
2.436540009000000000e+15,9.779015672000000000e+15,4.799542809000000000e+15,1.414554022852348991e-01
2.516527051000000000e+15,1.033198975000000000e+16,5.016204955000000000e+15,1.485492148944878577e-01
2.599139918000000000e+15,1.087416342000000000e+16,5.227288250000000000e+15,1.568967185192818026e-01
2.684464811000000000e+15,1.140311427000000000e+16,5.431937558000000000e+15,1.663966067176377295e-01
2.772590760000000000e+15,1.191743941000000000e+16,5.629701275000000000e+15,1.769123475895367781e-01
2.863609719000000000e+15,1.241667029000000000e+16,5.820489343000000000e+15,1.882637284111860487e-01
2.957616659000000000e+15,1.290115844000000000e+16,6.004521676000000000e+15,2.002220685074039830e-01
3.054709671000000000e+15,1.337194529000000000e+16,6.182272160000000000e+15,2.125121847586846080e-01
3.154990065000000000e+15,1.383062707000000000e+16,6.354412418000000000e+15,2.248162833170087860e-01
3.258562476000000000e+15,1.427924609000000000e+16,6.521766948000000000e+15,2.367846505179023175e-01
3.365534976000000000e+15,1.472019035000000000e+16,6.685272591000000000e+15,2.480484463960892505e-01
3.476019182000000000e+15,1.515613484000000000e+16,6.845954341000000000e+15,2.582331386704239673e-01
3.590130377000000000e+15,1.559000607000000000e+16,7.004910336000000000e+15,2.669804812064027200e-01
3.707987629000000000e+15,1.602496172000000000e+16,7.163302590000000000e+15,2.739633838871179394e-01
3.829713914000000000e+15,1.646441638000000000e+16,7.322364645000000000e+15,2.788985349898539523e-01
3.955436245000000000e+15,1.691208377000000000e+16,7.483414787000000000e+15,2.815613040609483697e-01
4.085285804000000000e+15,1.737204776000000000e+16,7.647879101000000000e+15,2.817945809843291904e-01
4.219398081000000000e+15,1.784886300000000000e+16,7.817324290000000000e+15,2.795180956544957573e-01
4.357913012000000000e+15,1.834767661000000000e+16,7.993496866000000000e+15,2.747326988691452532e-01
4.500975130000000000e+15,1.887439301000000000e+16,8.178376258000000000e+15,2.675193170328415415e-01
4.648733708000000000e+15,1.943587699000000000e+16,8.374239617000000000e+15,2.580427518968207989e-01
4.801342924000000000e+15,2.004017841000000000e+16,8.583732127000000000e+15,2.465494948120443564e-01
4.958962014000000000e+15,2.069680928000000000e+16,8.809953301000000000e+15,2.333579839189336147e-01
5.121755443000000000e+15,2.141705040000000000e+16,9.056550909000000000e+15,2.188422375940130282e-01
5.289893076000000000e+15,2.221432767000000000e+16,9.327836021000000000e+15,2.034131171564776963e-01
5.463550352000000000e+15,2.310458324000000000e+16,9.628893333000000000e+15,1.875022840736393914e-01
5.642908471000000000e+15,2.410663778000000000e+16,9.965685948000000000e+15,1.715334855832451599e-01
5.828154581000000000e+15,2.524255647000000000e+16,1.034515943000000000e+16,1.558974838330397517e-01
6.019481974000000000e+15,2.653787735000000000e+16,1.077529864000000000e+16,1.409347877790427250e-01
6.217090286000000000e+15,2.802167166000000000e+16,1.126512962000000000e+16,1.269201034762093006e-01
6.421185709000000000e+15,2.972628445000000000e+16,1.182461879000000000e+16,1.140561913595407734e-01
6.631981202000000000e+15,3.168663053000000000e+16,1.246443268000000000e+16,1.024737746936774663e-01
6.849696716000000000e+15,3.393890095000000000e+16,1.319551500000000000e+16,9.223950287378014645e-02
7.074559423000000000e+15,3.651845896000000000e+16,1.402841466000000000e+16,8.336911243063994947e-02
7.306803951000000000e+15,3.945683658000000000e+16,1.497234168000000000e+16,7.583978742904640136e-02
7.546672631000000000e+15,4.277798800000000000e+16,1.603400600000000000e+16,6.960466306226668898e-02
7.794415750000000000e+15,4.649375506000000000e+16,1.721622784000000000e+16,6.460982388922439923e-02
8.050291812000000000e+15,5.059894532000000000e+16,1.851644923000000000e+16,6.080677040486121010e-02
8.314567806000000000e+15,5.506691207000000000e+16,1.992542771000000000e+16,5.816414698926244270e-02
8.587519485000000000e+15,5.984626423000000000e+16,2.142630329000000000e+16,5.668154710941333829e-02
8.869431656000000000e+15,6.485968688000000000e+16,2.299433681000000000e+16,5.640273648121740119e-02
9.160598475000000000e+15,7.000592900000000000e+16,2.459763396000000000e+16,5.743176946560678980e-02
9.461323756000000000e+15,7.516530119000000000e+16,2.619894056000000000e+16,5.995668898055946106e-02
9.771921284000000000e+15,8.020840461000000000e+16,2.775840116000000000e+16,6.428089183946690544e-02
1.009271515000000000e+16,8.500761796000000000e+16,2.923711705000000000e+16,7.086790051420049918e-02
1.042404007000000000e+16,8.944938651000000000e+16,3.060088983000000000e+16,8.040853906373557347e-02
1.076624177000000000e+16,9.344519464000000000e+16,3.182350246000000000e+16,9.391044094432463019e-02
1.111967731000000000e+16,9.693961031000000000e+16,3.288905907000000000e+16,1.128152887858523412e-01
1.148471548000000000e+16,9.991347313000000000e+16,3.379281740000000000e+16,1.391270671860001529e-01
1.186173716000000000e+16,1.023821369000000000e+17,3.454051541000000000e+16,1.754869536302611777e-01
1.225113577000000000e+16,1.043893861000000000e+17,3.514640550000000000e+16,2.250556004667636223e-01
1.265331759000000000e+16,1.059984150000000000e+17,3.563043557000000000e+16,2.909301129295027155e-01
1.306870230000000000e+16,1.072819780000000000e+17,3.601522449000000000e+16,3.748053299375349035e-01
1.349772330000000000e+16,1.083134313000000000e+17,3.632334952000000000e+16,4.749697598138618027e-01
1.394082826000000000e+16,1.091599895000000000e+17,3.657533577000000000e+16,5.847575872641395112e-01
1.439847953000000000e+16,1.098786319000000000e+17,3.678846465000000000e+16,6.932969822524033265e-01
1.487115463000000000e+16,1.105145736000000000e+17,3.697636188000000000e+16,7.891635127108467263e-01
1.535934677000000000e+16,1.111016718000000000e+17,3.714916409000000000e+16,8.647877619543633543e-01
1.586356534000000000e+16,1.116640145000000000e+17,3.731403173000000000e+16,9.185154836122144673e-01
1.638433646000000000e+16,1.122179874000000000e+17,3.747579419000000000e+16,9.533989920183734146e-01
1.692220352000000000e+16,1.127743312000000000e+17,3.763758176000000000e+16,9.744529859336175104e-01
1.747772774000000000e+16,1.133398976000000000e+17,3.780135965000000000e+16,9.864565903533131230e-01
1.805148879000000000e+16,1.139190038000000000e+17,3.796833627000000000e+16,9.930068973857257841e-01
1.864408534000000000e+16,1.145143947000000000e+17,3.813925157000000000e+16,9.964627984976903718e-01
1.925613572000000000e+16,1.151278843000000000e+17,3.831456775000000000e+16,9.982388762126030990e-01
1.988827857000000000e+16,1.157607599000000000e+17,3.849458873000000000e+16,9.991332967175845514e-01
2.054117348000000000e+16,1.164140247000000000e+17,3.867953156000000000e+16,9.995767847783456617e-01
2.121550171000000000e+16,1.170885388000000000e+17,3.886956736000000000e+16,9.997941581758817975e-01
2.191196688000000000e+16,1.177850972000000000e+17,3.906484399000000000e+16,9.998999956673935152e-01
2.263129568000000000e+16,1.185044728000000000e+17,3.926549822000000000e+16,9.999512746302914312e-01
2.337423871000000000e+16,1.192474395000000000e+17,3.947166218000000000e+16,9.999760243770015045e-01
2.414157116000000000e+16,1.200147841000000000e+17,3.968346658000000000e+16,9.999881317187970797e-01
2.493409370000000000e+16,1.208073128000000000e+17,3.990104239000000000e+16,9.999940496954939917e-01
2.575263327000000000e+16,1.216258557000000000e+17,4.012452167000000000e+16,9.999969380414341913e-01
2.659804396000000000e+16,1.224712681000000000e+17,4.035403798000000000e+16,9.999984258466697584e-01
2.747120789000000000e+16,1.233444330000000000e+17,4.058972653000000000e+16,9.999991519322106726e-01
2.837303617000000000e+16,1.242462618000000000e+17,4.083172433000000000e+16,9.999995485997988931e-01
2.930446977000000000e+16,1.251776957000000000e+17,4.108017019000000000e+16,9.999997443140939968e-01
3.026648059000000000e+16,1.261397067000000000e+17,4.133520478000000000e+16,9.999998752292882376e-01
3.126007243000000000e+16,1.271332986000000000e+17,4.159697055000000000e+16,9.999999213827650557e-01
3.228628203000000000e+16,1.281595083000000000e+17,4.186561184000000000e+16,9.999999644139503374e-01
3.334618016000000000e+16,1.292194064000000000e+17,4.214127476000000000e+16,9.999999694435381947e-01
3.444087276000000000e+16,1.303140991000000000e+17,4.242410728000000000e+16,9.999999579383800352e-01
3.557150207000000000e+16,1.314447284000000000e+17,4.271425915000000000e+16,9.999999834306937396e-01
3.673924782000000000e+16,1.326124742000000000e+17,4.301188192000000000e+16,9.999999986390615270e-01
3.794532847000000000e+16,1.338185548000000000e+17,4.331712894000000000e+16,9.999999894704783010e-01
3.919100249000000000e+16,1.350642289000000000e+17,4.363015535000000000e+16,9.999999941351709332e-01
4.047756966000000000e+16,1.363507960000000000e+17,4.395111805000000000e+16,1.000000009133397816e+00
4.180637241000000000e+16,1.376795988000000000e+17,4.428017572000000000e+16,9.999999665448349173e-01
4.317879727000000000e+16,1.390520237000000000e+17,4.461748880000000000e+16,9.999999851919185723e-01
4.459627627000000000e+16,1.404695027000000000e+17,4.496321949000000000e+16,1.000000023520834391e+00
4.606028844000000000e+16,1.419335148000000000e+17,4.531753175000000000e+16,1.000000008026387999e+00
4.757236139000000000e+16,1.434455878000000000e+17,4.568059129000000000e+16,9.999999737496675367e-01
4.913407286000000000e+16,1.450072993000000000e+17,4.605256557000000000e+16,9.999999993894264083e-01
5.074705239000000000e+16,1.466202788000000000e+17,4.643362380000000000e+16,1.000000018308310201e+00
5.241298302000000000e+16,1.482862094000000000e+17,4.682393697000000000e+16,1.000000012008383177e+00
5.413360303000000000e+16,1.500068294000000000e+17,4.722367779000000000e+16,9.999999863440844905e-01
5.591070777000000000e+16,1.517839342000000000e+17,4.763302078000000000e+16,9.999999962467174264e-01
5.774615152000000000e+16,1.536193779000000000e+17,4.805214219000000000e+16,9.999999982709032453e-01
5.964184946000000000e+16,1.555150759000000000e+17,4.848122007000000000e+16,9.999999939690420447e-01
6.159977960000000000e+16,1.574730060000000000e+17,4.892043427000000000e+16,9.999999933514978068e-01
6.362198493000000000e+16,1.594952114000000000e+17,4.936996642000000000e+16,9.999999894785571719e-01
6.571057546000000000e+16,1.615838019000000000e+17,4.983000000000000000e+16,9.999999958956753421e-01
6.786773051000000000e+16,1.637409570000000000e+17,5.030072031000000000e+16,9.999999882235057758e-01
7.009570091000000000e+16,1.659689274000000000e+17,5.078231450000000000e+16,1.000000000000000000e+00
7.239681141000000000e+16,1.682700379000000000e+17,5.127497162000000000e+16,9.999999875810452465e-01
7.477346305000000000e+16,1.706466896000000000e+17,5.177888262000000000e+16,9.999999791572059538e-01
7.722813571000000000e+16,1.731013623000000000e+17,5.229424036000000000e+16,9.999999858996785340e-01
7.976339068000000000e+16,1.756366173000000000e+17,5.282123968000000000e+16,9.999999808372251886e-01
8.238187331000000000e+16,1.782551000000000000e+17,5.336007741000000000e+16,9.999999718659975390e-01
8.508631583000000000e+16,1.809595426000000000e+17,5.391095238000000000e+16,9.999999655981467450e-01
8.787954012000000000e+16,1.837527670000000000e+17,5.447406552000000000e+16,9.999999475934500115e-01
9.076446073000000000e+16,1.866376878000000000e+17,5.504961984000000000e+16,9.999999252642908232e-01
9.374408788000000000e+16,1.896173152000000000e+17,5.563782047000000000e+16,9.999998806435632659e-01
9.682153060000000000e+16,1.926947584000000000e+17,5.623887477000000000e+16,9.999998433697627753e-01
1.000000000000000000e+17,1.958732283000000000e+17,5.685299230000000000e+16,9.999998426916045791e-01
